{
  "config": "configs/vereda_final_30m_5k.yaml",
  "batch_size": 4,
  "repeats": 1,
  "rows": [
    {
      "chunk_bytes": 32,
      "batch_size": 4,
      "repeats": 1,
      "device": "mps",
      "parameters": 37957428,
      "mean_seconds_per_chunk": 2.2619564999999997,
      "min_seconds_per_chunk": 2.2619564999999997,
      "max_seconds_per_chunk": 2.2619564999999997,
      "bytes_per_second": 49.5146568910587,
      "patches_per_second": 14.14704482601677,
      "mean_loss": 19.50177574157715,
      "mean_bpb": 28.13511515090204,
      "estimated_official_step_seconds": 579.0608639999999,
      "estimated_5000_hours": 804.2511999999999,
      "official_seq_len": 1024,
      "official_grad_accum_steps": 8,
      "official_chunks_per_microbatch": 32,
      "auxiliary_means": {
        "kalman_gain": 0.3397430181503296,
        "loss_curvature": 114.897705078125,
        "loss_syntax": 11.911057472229004,
        "loss_topology": 0.0,
        "novelty": 0.9743208885192871,
        "quant_gamma": 0.7000000476837158,
        "state_norm": 12.432427406311035,
        "summary_norm": 0.482764333486557
      }
    },
    {
      "chunk_bytes": 64,
      "batch_size": 4,
      "repeats": 1,
      "device": "mps",
      "parameters": 37957428,
      "mean_seconds_per_chunk": 3.9017799999999996,
      "min_seconds_per_chunk": 3.9017799999999996,
      "max_seconds_per_chunk": 3.9017799999999996,
      "bytes_per_second": 61.51038756670033,
      "patches_per_second": 16.402770017786757,
      "mean_loss": 19.615262985229492,
      "mean_bpb": 28.298842634523435,
      "estimated_official_step_seconds": 499.42783999999995,
      "estimated_5000_hours": 693.6497777777777,
      "official_seq_len": 1024,
      "official_grad_accum_steps": 8,
      "official_chunks_per_microbatch": 16,
      "auxiliary_means": {
        "kalman_gain": 0.25572535395622253,
        "loss_curvature": 116.05210876464844,
        "loss_syntax": 11.70709228515625,
        "loss_topology": 0.0,
        "novelty": 0.9779281616210938,
        "quant_gamma": 0.7000000476837158,
        "state_norm": 12.167041778564453,
        "summary_norm": 0.49426886439323425
      }
    },
    {
      "chunk_bytes": 128,
      "batch_size": 4,
      "repeats": 1,
      "device": "mps",
      "parameters": 37957428,
      "mean_seconds_per_chunk": 6.436507624999999,
      "min_seconds_per_chunk": 6.436507624999999,
      "max_seconds_per_chunk": 6.436507624999999,
      "bytes_per_second": 77.06042296500816,
      "patches_per_second": 19.886560765163395,
      "mean_loss": 19.670637130737305,
      "mean_bpb": 28.37873063964102,
      "estimated_official_step_seconds": 411.93648799999994,
      "estimated_5000_hours": 572.134011111111,
      "official_seq_len": 1024,
      "official_grad_accum_steps": 8,
      "official_chunks_per_microbatch": 8,
      "auxiliary_means": {
        "kalman_gain": 0.21125678718090057,
        "loss_curvature": 115.87860107421875,
        "loss_syntax": 11.76621150970459,
        "loss_topology": 0.0,
        "novelty": 0.9708881974220276,
        "quant_gamma": 0.7000000476837158,
        "state_norm": 13.589306831359863,
        "summary_norm": 0.49560174345970154
      }
    },
    {
      "chunk_bytes": 256,
      "batch_size": 4,
      "repeats": 1,
      "device": "mps",
      "parameters": 37957428,
      "mean_seconds_per_chunk": 25.124204167,
      "min_seconds_per_chunk": 25.124204167,
      "max_seconds_per_chunk": 25.124204167,
      "bytes_per_second": 40.12067380522175,
      "patches_per_second": 10.189377474342033,
      "mean_loss": 15.996576309204102,
      "mean_bpb": 23.078181312490635,
      "estimated_official_step_seconds": 803.974533344,
      "estimated_5000_hours": 1116.631296311111,
      "official_seq_len": 1024,
      "official_grad_accum_steps": 8,
      "official_chunks_per_microbatch": 4,
      "auxiliary_means": {
        "kalman_gain": 0.18895192444324493,
        "loss_curvature": 79.90853881835938,
        "loss_syntax": 11.481342315673828,
        "loss_topology": 0.0,
        "novelty": 0.9663817286491394,
        "quant_gamma": 0.7000000476837158,
        "state_norm": 13.515984535217285,
        "summary_norm": 0.4965510070323944
      }
    }
  ],
  "best_by_step_seconds": {
    "chunk_bytes": 128,
    "batch_size": 4,
    "repeats": 1,
    "device": "mps",
    "parameters": 37957428,
    "mean_seconds_per_chunk": 6.436507624999999,
    "min_seconds_per_chunk": 6.436507624999999,
    "max_seconds_per_chunk": 6.436507624999999,
    "bytes_per_second": 77.06042296500816,
    "patches_per_second": 19.886560765163395,
    "mean_loss": 19.670637130737305,
    "mean_bpb": 28.37873063964102,
    "estimated_official_step_seconds": 411.93648799999994,
    "estimated_5000_hours": 572.134011111111,
    "official_seq_len": 1024,
    "official_grad_accum_steps": 8,
    "official_chunks_per_microbatch": 8,
    "auxiliary_means": {
      "kalman_gain": 0.21125678718090057,
      "loss_curvature": 115.87860107421875,
      "loss_syntax": 11.76621150970459,
      "loss_topology": 0.0,
      "novelty": 0.9708881974220276,
      "quant_gamma": 0.7000000476837158,
      "state_norm": 13.589306831359863,
      "summary_norm": 0.49560174345970154
    }
  },
  "note": "Consolidated from real 30M forward/backward chunk benchmarks on MPS."
}