{
  "config": "configs/vereda_final_30m_5k.yaml",
  "batch_size": 4,
  "repeats": 1,
  "rows": [
    {
      "chunk_bytes": 256,
      "batch_size": 4,
      "repeats": 1,
      "device": "mps",
      "parameters": 37957428,
      "mean_seconds_per_chunk": 25.124204167,
      "min_seconds_per_chunk": 25.124204167,
      "max_seconds_per_chunk": 25.124204167,
      "bytes_per_second": 40.12067380522175,
      "patches_per_second": 10.189377474342033,
      "mean_loss": 15.996576309204102,
      "mean_bpb": 23.078181312490635,
      "estimated_official_step_seconds": 803.974533344,
      "estimated_5000_hours": 1116.631296311111,
      "official_seq_len": 1024,
      "official_grad_accum_steps": 8,
      "official_chunks_per_microbatch": 4,
      "auxiliary_means": {
        "kalman_gain": 0.18895192444324493,
        "loss_curvature": 79.90853881835938,
        "loss_syntax": 11.481342315673828,
        "loss_topology": 0.0,
        "novelty": 0.9663817286491394,
        "quant_gamma": 0.7000000476837158,
        "state_norm": 13.515984535217285,
        "summary_norm": 0.4965510070323944
      }
    }
  ],
  "note": "Each row is a real forward/backward chunk with the full model. The 5000-step estimate scales by official seq_len/chunk and grad_accum_steps."
}