{
  "config": "configs/vereda_final_30m_5k.yaml",
  "batch_size": 4,
  "repeats": 1,
  "rows": [
    {
      "chunk_bytes": 32,
      "batch_size": 4,
      "repeats": 1,
      "device": "mps",
      "parameters": 37957428,
      "mean_seconds_per_chunk": 2.2619564999999997,
      "min_seconds_per_chunk": 2.2619564999999997,
      "max_seconds_per_chunk": 2.2619564999999997,
      "bytes_per_second": 49.5146568910587,
      "patches_per_second": 14.14704482601677,
      "mean_loss": 19.50177574157715,
      "mean_bpb": 28.13511515090204,
      "estimated_official_step_seconds": 579.0608639999999,
      "estimated_5000_hours": 804.2511999999999,
      "official_seq_len": 1024,
      "official_grad_accum_steps": 8,
      "official_chunks_per_microbatch": 32,
      "auxiliary_means": {
        "kalman_gain": 0.3397430181503296,
        "loss_curvature": 114.897705078125,
        "loss_syntax": 11.911057472229004,
        "loss_topology": 0.0,
        "novelty": 0.9743208885192871,
        "quant_gamma": 0.7000000476837158,
        "state_norm": 12.432427406311035,
        "summary_norm": 0.482764333486557
      }
    }
  ],
  "note": "Each row is a real forward/backward chunk with the full model. The 5000-step estimate scales by official seq_len/chunk and grad_accum_steps."
}